Item Title,Publication Title,Book Series Title,Journal Volume,Journal Issue,Item DOI,Authors,Publication Year,URL,Content Type
A hierarchy of time constants and reliable signal propagation in the marmoset cerebral cortex,Nature Communications,,,,10.1038/s41467-025-66699-4,Guanchun LiSongting LiXiao-Jing Wang,2025,https://link.springer.com/article/10.1038/s41467-025-66699-4,Article
Municipal AI integration: a structured approach,Frontiers of Urban and Rural Planning,,,,10.1007/s44243-025-00056-3,Lutz Eichholz,2025,https://link.springer.com/article/10.1007/s44243-025-00056-3,Article
"A fairness-aware machine learning framework for maternal health in Ghana: integrating explainability, bias mitigation, and causal inference for ethical AI deployment",BioData Mining,,,,10.1186/s13040-025-00505-1,Augustus OsborneKobloobase Usani,2025,https://link.springer.com/article/10.1186/s13040-025-00505-1,Article
"The ethics of data mining in healthcare: challenges, frameworks, and future directions",BioData Mining,,,,10.1186/s13040-025-00461-w,Mohamed Mustaf AhmedOlalekan John OkesanyaMajd OweidatZhinya Kawa OthmanShuaibu Saidu MusaDon Eliseo Lucero-Prisno III,2025,https://link.springer.com/article/10.1186/s13040-025-00461-w,Article
Agenda setting for health equity assessment through the lenses of social determinants of health using machine learning approach: a framework and preliminary pilot study,BioData Mining,,,,10.1186/s13040-025-00428-x,Maryam RamezaniMohammadreza MobinizadehAhad BakhtiariHamid R. RabieeMaryam RamezaniHakimeh MostafaviAlireza OlyaeemaneshAli Akbar FazaeliAlireza AtashiSaharnaz SazgarnejadEfat MohamadiAmirhossein Takian,2025,https://link.springer.com/article/10.1186/s13040-025-00428-x,Article
Shine a light on papyrus: monitoring the aging process,Heritage Science,,,,10.1186/s40494-022-00687-5,Florian BauschDickson D. OwusuJörg GrafThomas RosenauAntje Potthast,2022,https://www.nature.com/articles/s40494-022-00687-5,Article
Water and wastewater digital surveillance for monitoring and early detection of the COVID-19 hotspot: industry 4.0,International Journal of Environmental Science and Technology,,,,10.1007/s13762-022-03982-7,A. N. MatheriM. BelaidC. K. NjengaJ. C. Ngila,2022,https://link.springer.com/article/10.1007/s13762-022-03982-7,Article
Differential decay of multiple environmental nucleic acid components,Scientific Reports,,,,10.1038/s41598-025-12916-5,Pedro FP Brandão-DiasMegan ShafferGledis GuriKim M. ParsonsRyan P. KellyElizabeth Andruszkiewicz Allan,2025,https://link.springer.com/article/10.1038/s41598-025-12916-5,Article
Hybrid MLOps framework for automated lifecycle management of adaptive phishing detection models,Scientific Reports,,,,10.1038/s41598-025-23600-z,Asmaa RedaShereen A. TaieMasoud E. Shaheen,2025,https://link.springer.com/article/10.1038/s41598-025-23600-z,Article
Artificial Intelligence in Quality Assurance: A New Paradigm for Total Quality Management,Operations Research Forum,,,,10.1007/s43069-025-00476-3,Jothikumar RMohan Raju SMohan Y.CSusi SJayendra Kumar,2025,https://link.springer.com/article/10.1007/s43069-025-00476-3,Article
Connecting algorithmic fairness to quality dimensions in machine learning in official statistics and survey production,AStA Wirtschafts- und Sozialstatistisches Archiv,,,,10.1007/s11943-024-00344-2,Patrick Oliver SchenkChristoph Kern,2024,https://link.springer.com/article/10.1007/s11943-024-00344-2,Article
A novel botnet attack detection for IoT networks based on communication graphs,Cybersecurity,,,,10.1186/s42400-023-00169-6,David Concejal MuñozAntonio del-Corte Valiente,2023,https://link.springer.com/article/10.1186/s42400-023-00169-6,Article
Mechanism and deterioration pattern of sandstone surrounding rock voiding at bottom of heavy-haul railway tunnel,Scientific Reports,,,,10.1038/s41598-024-61149-5,Zi-qiang LiShi-jian YangJian-wen FengHang ZhangWei-wei HuangZheng Li,2024,https://link.springer.com/article/10.1038/s41598-024-61149-5,Article
"Beyond the veil: unpacking money laundering through economic models, emerging technologies, and government capture",Economics of Governance,,,,10.1007/s10101-025-00343-1,Raffaella BaroneFriedrich Schneider,2025,https://link.springer.com/article/10.1007/s10101-025-00343-1,Article
Studying phonon coherence with a quantum sensor,Nature Communications,,,,10.1038/s41467-024-48306-0,Agnetta Y. ClelandE. Alex WollackAmir H. Safavi-Naeini,2024,https://link.springer.com/article/10.1038/s41467-024-48306-0,Article
Quality assurance strategies for machine learning applications in big data analytics: an overview,Journal of Big Data,,,,10.1186/s40537-024-01028-y,Mihajlo OgrizovićDražen DraškovićDragan Bojić,2024,https://link.springer.com/article/10.1186/s40537-024-01028-y,Article
Integrating Artificial Intelligence into Life Cycle Assessment: A Framework for Balancing Automation and Human Expertise,Journal of Sustainable Metallurgy,,,,10.1007/s40831-025-01305-x,Chibuikem C. NwagwuOlga OgorodnykEndre SølvsbergRagnhild J. EleftheriadisChristina Meskers,2025,https://link.springer.com/article/10.1007/s40831-025-01305-x,Article
Experience in Creating a System for Automatic Anomaly Recognition in Power Equipment Operation,Power Technology and Engineering,,,,10.1007/s10749-023-01503-1,D. N. Nemirovich-SkrabatunA. A. Persyaev,2022,https://link.springer.com/article/10.1007/s10749-023-01503-1,Article
Clinician-in-the-loop screening saturation: predicting annotation yield for efficient EHR review,BMC Medical Informatics and Decision Making,,,,10.1186/s12911-025-03241-y,Assaf LandschaftLeena AbdelmoityFatemeh Mohammad Alizadeh ChafjiriMolly Ann PuckettJennifer GettingsTobias Loddenkemper,2025,https://link.springer.com/article/10.1186/s12911-025-03241-y,Article
Particle filter-based parameter estimation algorithm for prognostic risk assessment of progression in non-small cell lung cancer,BMC Medical Informatics and Decision Making,,,,10.1186/s12911-023-02373-3,Shi ShangJunyi YuanChangqing PanSufen WangXuemin TuXingxing CenLinhui MiXumin Hou,2023,https://link.springer.com/article/10.1186/s12911-023-02373-3,Article
Scientific Abstracts from the 2024 Conference on Machine Intelligence in Medical Imaging (CMIMI) of the Society for Imaging Informatics in Medicine (SIIM),Journal of Imaging Informatics in Medicine,,,,10.1007/s10278-024-01278-5,,2024,https://link.springer.com/article/10.1007/s10278-024-01278-5,Article
Precise measurements of self-absorbed rising reverse shock emission from gamma-ray burst 221009A,Nature Astronomy,,,,10.1038/s41550-023-01997-9,Joe S. BrightLauren RhodesWael FarahRob FenderAlexander J. van der HorstJames K. LeungDavid R. A. WilliamsGemma E. AndersonPikky AtriDavid R. DeBoerStefano GiarratanaDavid A. GreenIan HeywoodEmil LencTara MurphyAlexander W. PollakPranav H. PremnathPaul F. ScottSofia Z. SheikhAndrew SiemionDavid J. Titterington,2023,https://link.springer.com/article/10.1038/s41550-023-01997-9,Article
"Durability and Immunogenicity of Neutralizing Antibodies Response Against Omicron Variants After Three Doses of Subunit SARS-CoV-2 Vaccine MVC-COV1901: An Extension to an Open-Label, Dose-Escalation Phase&#xa0;1 Study",Infectious Diseases and Therapy,,,,10.1007/s40121-022-00652-6,Szu-Min HsiehShan-Chwen ChangHao-Yuan ChengShin-Ru ShihChia En Lien,2022,https://link.springer.com/article/10.1007/s40121-022-00652-6,Article
Effects of selected solvents on PMMA after prolonged exposure: unilateral NMR and ATR-FTIR investigations,Heritage Science,,,,10.1186/s40494-023-00881-z,Stefani KavdaStavroula GolfomitsouEmma Richardson,2023,https://www.nature.com/articles/s40494-023-00881-z,Article
Investigation of the soil deformation around laterally loaded deep foundations with large diameters,Acta Geotechnica,,,,10.1007/s11440-023-02012-1,Xiaojuan LiGuoliang DaiMingxing ZhuWenbo ZhuFan Zhang,2023,https://link.springer.com/article/10.1007/s11440-023-02012-1,Article
Kinetic model-informed deep learning for multiplexed PET image separation,EJNMMI Physics,,,,10.1186/s40658-024-00660-0,Bolin PanPaul K. MarsdenAndrew J. Reader,2024,https://link.springer.com/article/10.1186/s40658-024-00660-0,Article
A machine learning framework for providing data integrity and confidentiality for sensitive data cloud applications,International Journal of System Assurance Engineering and Management,,,,10.1007/s13198-022-01741-y,Eswara NarayananB. Muthukumar,2022,https://link.springer.com/article/10.1007/s13198-022-01741-y,Article
A comprehensive review of digital twin&#xa0;—&#xa0;part 1: modeling and twinning enabling technologies,Structural and Multidisciplinary Optimization,,,,10.1007/s00158-022-03425-4,Adam ThelenXiaoge ZhangOlga FinkYan LuSayan GhoshByeng D. YounMichael D. ToddSankaran MahadevanChao HuZhen Hu,2022,https://link.springer.com/article/10.1007/s00158-022-03425-4,Article
Optimizing healthcare supply chains strategically: analyzing the impact of COVID-19 on pharmaceutical inventory costs through the integration of evidence theory and hybrid evolutionary algorithms,OPSEARCH,,,,10.1007/s12597-025-00930-0,Vinita DwivediMamta KeswaniUttam Kumar Khedlekar,2025,https://link.springer.com/article/10.1007/s12597-025-00930-0,Article
Book of Abstracts ESMRMB 2025 Online 41st Annual Scientific Meeting 8–11 October 2025,"Magnetic Resonance Materials in Physics, Biology and Medicine",,,,10.1007/s10334-025-01278-8,,2025,https://link.springer.com/article/10.1007/s10334-025-01278-8,Article
Environmental (e)RNA advances the reliability of eDNA by predicting its age,Scientific Reports,,,,10.1038/s41598-021-82205-4,Nathaniel T. MarshallHenry A. VanderploegSubba Rao Chaganti,2021,https://link.springer.com/article/10.1038/s41598-021-82205-4,Article
HBIM for the preservation of a historic infrastructure: the Carlo III bridge of the Carolino Aqueduct,Applied Geomatics,,,,10.1007/s12518-020-00335-2,Alessandro ContiLidia FioriniRosanna MassaroCamilla SantoniGrazia Tucci,2020,https://link.springer.com/article/10.1007/s12518-020-00335-2,Article
Evaluation of parametric wind models for more accurate modeling of storm surge: a case study of Hurricane Michael,Natural Hazards,,,,10.1007/s11069-021-04525-y,Linoj VijayanWenrui HuangKai YinEren OzguvenSimone BurnsMahyar Ghorbanzadeh,2021,https://link.springer.com/article/10.1007/s11069-021-04525-y,Article
Shedding light on X17: community report,The European Physical Journal C,,,,10.1140/epjc/s10052-023-11271-x,Daniele S. M. AlvesDaniele BarducciGianluca CavotoLuc DarméLuigi Delle RoseLuca DoriaJonathan L. FengAndré FrankenthalAshot GasparianEvgueni GoudzovskiCarlo GustavinoShaaban KhalilVenelin KozhuharovAttila J. KrasznahorkayTommaso MarchiManuel MeucciGerald A. MillerStefano MorettiMarco NardecchiaEnrico NardiHugo Natal da LuzGiovanni OrgantiniAngela PapaAnn-Kathrin PerrevoortVlasios PetousisGabriele PipernoMauro RaggiFrancesco RengaPatrick SchwendimannRudolf SýkoraClaudio ToniPaolo ValenteCecilia VoenaCheuk-Yin WongXilin Zhang,2023,https://link.springer.com/article/10.1140/epjc/s10052-023-11271-x,Article
Non-conservative patterns of dissolved organic matter degradation when and where lake water mixes,Aquatic Sciences,,,,10.1007/s00027-019-0662-z,Thibault LambertMarie-Elodie Perga,2019,https://link.springer.com/article/10.1007/s00027-019-0662-z,Article
Ultrafast Laser Filament-induced Fluorescence Spectroscopy of Uranyl Fluoride,Scientific Reports,,,,10.1038/s41598-018-29814-8,P. J. SkrodzkiM. BurgerL. A. FinneyF. PoineauS. M. BalasekaranJ. NeesK. R. CzerwinskiI. Jovanovic,2018,https://link.springer.com/article/10.1038/s41598-018-29814-8,Article
Signatures of microscopic black holes and extra dimensions at future neutrino telescopes,Journal of High Energy Physics,,,,10.1007/JHEP04(2020)187,Katherine J. MackNingqiang SongAaron C. Vincent,2020,https://link.springer.com/article/10.1007/JHEP04(2020)187,Article
The macaque anterior cingulate cortex translates counterfactual choice value into actual behavioral change,Nature Neuroscience,,,,10.1038/s41593-019-0375-6,Elsa F. FouragnanBolton K. H. ChauDavide FolloniNils KollingLennart VerhagenMiriam Klein-FlüggeLev TankelevitchGeorgios K. PapageorgiouJean-Francois AubryJerome SalletMatthew F. S. Rushworth,2019,https://link.springer.com/article/10.1038/s41593-019-0375-6,Article
The absorption of ultrasound in emulsions: computational modelling of thermal effects,Scientific Reports,,,,10.1038/s41598-018-30664-7,Derek Michael ForresterValerie J. Pinfield,2018,https://link.springer.com/article/10.1038/s41598-018-30664-7,Article
Accurate efficiency characterization of a BEGe detector in the low-energy range using empirical and Monte Carlo simulation approaches,Journal of Radioanalytical and Nuclear Chemistry,,,,10.1007/s10967-017-5352-5,Pawel MekarskiWeihua ZhangChuanlei LiuKurt Ungar,2017,https://link.springer.com/article/10.1007/s10967-017-5352-5,Article
To infinity and some glimpses of beyond,Nature Communications,,,,10.1038/s41467-017-01502-7,Panayotis G. KevrekidisConstantinos I. SiettosYannis G. Kevrekidis,2017,https://link.springer.com/article/10.1038/s41467-017-01502-7,Article
"Spatial and temporal distribution of polycyclic aromatic hydrocarbons and elemental carbon in Bakersfield, California","Air Quality, Atmosphere & Health",,,,10.1007/s11869-016-0399-y,Elizabeth M. NothFred LurmannAmanda NorthcrossCharles PerrinoDavid VaughnS. Katharine Hammond,2016,https://link.springer.com/article/10.1007/s11869-016-0399-y,Article
50&#xa0;Years of quantum chromodynamics,The European Physical Journal C,,,,10.1140/epjc/s10052-023-11949-2,Franz GrossEberhard KlemptStanley J. BrodskyAndrzej J. BurasVolker D. BurkertGudrun HeinrichKarl JakobsCurtis A. MeyerKostas OrginosMichael StricklandJohanna StachelGiulia ZanderighiNora BrambillaPeter Braun-MunzingerDaniel BritzgerSimon CapstickTom CohenVolker CredeMartha ConstantinouChristine DaviesLuigi Del DebbioAchim DenigCarleton DeTarAlexandre DeurYuri DokshitzerHans Günter DoschJozef DudekMonica DunfordEvgeny EpelbaumMiguel A. EscobedoHarald FritzschKenji FukushimaPaolo GambinoDag GillbergSteven GottliebPer GrafstromMassimiliano GrazziniBoris GrubeAlexey GuskovToru IijimaXiangdong JiFrithjof KarschStefan KluthJohn B. KogutFrank KraussShunzo KumanoDerek LeinweberHeinrich LeutwylerHai-Bo LiYang LiBogdan MalaescuChiara MariottiPieter MarisSimone MarzaniWally MelnitchoukJohan MesschendorpHarvey MeyerRyan Edward MitchellChandan MondalFrank NerlingSebastian NeubertMarco PappagalloSaori PastoreJosé R. PeláezAndrew PuckettJianwei QiuKlaus RabbertzAlberto RamosPatrizia RossiAnar RustamovAndreas SchäferStefan SchererMatthias SchindlerSteven SchrammMikhail ShifmanEdward ShuryakTorbjörn SjöstrandGeorge StermanIain W. StewartJoachim StrothEric SwansonGuy F. de TéramondUlrike ThomaAntonio VairoDanny van DykJames VaryJavier VirtoMarcel VosChristian WeissMarkus WobischSau Lan WuChristopher YoungFeng YuanXingbo ZhaoXiaorong Zhou,2023,https://link.springer.com/article/10.1140/epjc/s10052-023-11949-2,Article
Differential utility of the <i>Bacteroidales</i> DNA and RNA markers in the tiered approach for microbial source tracking in subtropical seawater,Applied Microbiology and Biotechnology,,,,10.1007/s00253-015-6410-y,Rulong LiuKen H. F. ChengKlaine WongSamuel C. S. ChengStanley C. K. Lau,2015,https://link.springer.com/article/10.1007/s00253-015-6410-y,Article
A study on impact of untrustworthy and older recommendations over T-Grid computational model,International Journal of System Assurance Engineering and Management,,,,10.1007/s13198-014-0329-z,P. Suresh KumarS. Ramachandram,2014,https://link.springer.com/article/10.1007/s13198-014-0329-z,Article
A carbon balance of Norway: terrestrial and aquatic carbon fluxes,Biogeochemistry,,,,10.1007/s10533-014-0060-5,Heleen A. de WitKari AustnesGro HylenLise Dalsgaard,2015,https://link.springer.com/article/10.1007/s10533-014-0060-5,Article
"Energetics characteristics of the super magnetic storm on November 20, 2003 based on 3D global MHD simulation",Science China Earth Sciences,,,,10.1007/s11430-014-5013-2,JinPeng HanChi WangHui Li,2014,https://link.springer.com/article/10.1007/s11430-014-5013-2,Article
Reactive transport codes for subsurface environmental simulation,Computational Geosciences,,,,10.1007/s10596-014-9443-x,C. I. SteefelC. A. J. AppeloB. AroraD. JacquesT. KalbacherO. KolditzV. LagneauP. C. LichtnerK. U. MayerJ. C. L. MeeussenS. MolinsD. MoultonH. ShaoJ. ŠimůnekN. SpycherS. B. YabusakiG. T. Yeh,2014,https://link.springer.com/article/10.1007/s10596-014-9443-x,Article
Radionuclide Transport and Uptake in Coastal Aquatic Ecosystems: A Comparison of a 3D Dynamic Model and a Compartment Model,AMBIO,,,,10.1007/s13280-013-0398-2,Anders Christian ErichsenLena KonovalenkoFlemming MøhlenbergRikke Margrethe ClosterClare BradshawKarin AquiloniusUlrik Kautsky,2013,https://link.springer.com/article/10.1007/s13280-013-0398-2,Article
Acridinyl methyl esters as photoactive precursors in the release of neurotransmitteramino acids,Photochemical & Photobiological Sciences,,,,10.1039/c2pp25261a,Ana M. PilotoGraham HungerfordSusana P. G. CostaM. Sameiro T. Gonçalves,2013,https://link.springer.com/article/10.1039/c2pp25261a,Article
The Physics of the B Factories,The European Physical Journal C,,,,10.1140/epjc/s10052-014-3026-9,A. J. BevanB. GolobTh. MannelS. PrellB. D. YabsleyH. AiharaF. AnulliN. ArnaudT. AushevM. BenekeJ. BeringerF. BianchiI. I. BigiM. BonaN. BrambillaJ. BrodzickaP. ChangM. J. CharlesC. H. ChengH.-Y. ChengR. ChistovP. ColangeloJ. P. ColemanA. DrutskoyV. P. DruzhininS. EidelmanG. EigenA. M. EisnerR. FacciniK. T. FloodP. GambinoA. GazW. GradlH. HayashiiT. HiguchiW. D. HulsbergenT. HurthT. IijimaR. ItohP. D. JacksonR. KassYu. G. KolomenskyE. KouP. KrižanA. KronfeldS. KumanoY. J. KwonT. E. LathamD. W. G. S. LeithV. LüthF. Martinez-VidalB. T. MeadowsR. MussaM. NakaoS. NishidaJ. OcarizS. L. OlsenP. PakhlovG. PakhlovaA. PalanoA. PichS. PlayferA. PoluektovF. C. PorterS. H. RobertsonJ. M. RoneyA. RoodmanY. SakaiC. SchwandaA. J. SchwartzR. SeidlS. J. SekulaM. SteinhauserK. SumisawaE. S. SwansonF. TackmannK. TrabelsiS. UeharaS. UnoR. van de WaterG. VasseurW. VerkerkeR. WaldiM. Z. WangF. F. WilsonJ. ZupanA. ZupancI. AdachiJ. AlbertSw. BanerjeeM. BellisE. Ben-HaimP. BiassoniR. N. CahnC. CartaroJ. ChauveauC. ChenC. C. ChiangR. CowanJ. DalsenoM. DavierC. DaviesJ. C. DingfelderB. EchenardD. EpifanovB. G. FulsomA. M. GabareenJ. W. GaryR. GodangM. T. GrahamA. HafnerB. HamiltonT. HartmannK. HayasakaC. HeartyY. IwasakiA. KhodjamirianA. KusakaA. KuzminG. D. LaffertyA. LazzaroJ. LiD. LindemannO. LongA. LusianiG. MarchioriM. MartinelliK. MiyabayashiR. MizukG. B. MohantyD. R. MullerH. NakazawaP. OngmongkolkulS. PacettiF. PalomboT. K. PedlarL. E. PiilonenA. PilloniV. PoireauK. ProthmannT. PulliamM. RamaB. N. RatcliffP. RoudeauS. SchrenkT. SchroederK. R. SchubertC. P. ShenB. ShwartzA. SofferE. P. SolodovA. SomovM. StaričS. StrackaA. V. TelnovK. Yu. TodyshevT. TsuboyamaT. UglovA. VinokurovaJ. J. WalshY. WatanabeE. WonG. WormserD. H. WrightS. YeC. C. ZhangS. AbachiA. AbashianK. AbeN. AbeR. AbeT. AbeG. S. AbramsI. AdamK. AdamczykA. AdametzT. AdyeA. AgarwalH. AhmedM. AhmedS. AhmedB. S. AhnH. S. AhnI. J. R. AitchisonK. AkaiS. AkarM. AkatsuM. AkemotoR. AkhmetshinR. AkreM. S. AlamJ. N. AlbertR. AleksanJ. P. AlexanderG. AlimontiM. T. AllenJ. AllisonT. AllmendingerJ. R. G. AlsmillerD. AltenburgK. E. AlwynQ. AnJ. AndersonR. AndreassenD. AndreottiM. AndreottiJ. C. AndressC. AngeliniD. AnipkoA. AnjomshoaaP. L. AnthonyE. A. AntillonE. AntonioliK. AokiJ. F. ArguinK. ArinsteinK. ArisakaK. AsaiM. AsaiY. AsanoD. J. AsgeirssonD. M. AsnerT. AsoM. L. AspinwallD. AstonH. AtmacanB. AubertV. AulchenkoR. AyadT. AzemoonT. AzizV. AzzoliniD. E. AzzopardiM. A. BaakJ. J. BackS. BagnascoS. BahinipatiD. S. BaileyS. BaileyP. BaillyN. van BakelA. M. BakichA. BalaV. BalaguraR. Baldini-FerroliY. BanE. BanasH. R. BandS. BanerjeeE. BaracchiniR. BarateE. BarberioM. BarberoD. J. BardT. BarillariN. R. BarlowR. J. BarlowM. BarrettW. BartelJ. BarteltR. BartoldusG. BatignaniM. BattagliaJ. M. BauerA. BayM. BeaulieuP. BechtleT. W. BeckJ. BeckerJ. BeclaI. BednyS. BehariP. K. BeheraE. BehnL. BehrC. BeigbederD. BeilineR. BellF. BelliniG. BellodiK. BelousM. BenayounG. BenelliJ. F. BenitezM. BenkebilN. BergerJ. BernabeuD. BernardR. BernetF. U. BernlochnerJ. W. BerryhillK. BertscheP. BessonD. S. BestS. BettariniD. BettoniV. BhardwajW. BhimjiB. BhuyanM. E. BiaginiM. BiasiniK. van BibberJ. BiesiadaI. BinghamR. M. BiontaM. BischofbergerU. BitencI. BizjakF. BlancG. BlaylockV. E. BlinovE. BloomP. C. BloomN. L. BlountJ. BlouwM. BlyS. BlythC. T. BoeheimM. BombenA. BondarM. BondioliG. R. BonneaudG. BonviciniM. BookeJ. BoothC. BoreanA. W. BorglandE. BorsatoF. BosiL. BosisioA. A. BotovJ. BougherK. BouldinP. BourgeoisD. BoutignyD. A. BowermanA. M. BoyarskiR. F. BoyceJ. T. BoydA. BozekC. BozziM. BračkoG. BrandenburgT. BrandtB. BrauJ. BrauA. B. BreonD. BretonC. BrewH. BriandP. G. Bright-ThomasV. BrigljevićD. I. BrittonF. BrochardB. BroomerJ. BroseT. E. BrowderC. L. BrownC. M. BrownD. N. BrownM. BrowneM. BruinsmaS. BrunetF. BucciC. BuchananO. L. BuchmuellerC. BüngerW. BuggA. D. BukinR. BulaH. BultenP. R. BurchatW. BurgessJ. P. BurkeJ. Button-ShaferA. R. BuzykaevA. BuzzoY. CaiR. CalabreseA. CalcaterraG. CalderiniB. CamanziE. CampagnaC. CampagnariR. CapraV. CarassitiM. CarpinelliM. CarrollG. CasarosaB. C. K. CaseyN. M. CasonG. CastelliN. CavalloG. CavotoA. CecchiR. CenciG. CerizzaA. CervelliA. CeseracciuX. ChaiK. S. ChaisanguanthumM. C. ChangY. H. ChangY. W. ChangD. S. ChaoM. ChaoY. ChaoE. CharlesC. A. ChavezR. CheaibV. ChekelianA. ChenE. ChenG. P. ChenH. F. ChenJ.-H. ChenJ. C. ChenK. F. ChenP. ChenS. ChenW. T. ChenX. ChenX. R. ChenY. Q. ChenB. ChengB. G. CheonN. ChevalierY. M. ChiaS. ChidzikK. ChilikinM. V. ChistiakovaR. CizeronI. S. ChoK. ChoV. ChobanovaH. H. F. ChoiK. S. ChoiS. K. ChoiY. ChoiY. K. ChoiS. ChristP. H. ChuS. ChunA. ChuvikovG. CibinettoD. CinabroA. R. ClarkP. J. ClarkC. K. ClarkeR. ClausB. ClaxtonZ. C. CliftonJ. CochranJ. Cohen-TanugiH. CohnT. ColbergS. ColeF. ColecchiaC. ConduracheR. ContriP. ConvertM. R. ConveryP. CookeN. CoptyC. M. CormackF. Dal CorsoL. A. CorwinF. CossuttiD. CoteA. Cotta RamusinoW. N. CottinghamF. CoudercD. P. CoupalR. CovarelliG. CowanW. W. CraddockG. CraneH. B. CrawleyL. CremaldiA. CrescenteM. CristinzianiJ. CrnkovicG. CrosettiT. Cuhadar-DonszelmannA. CunhaS. CurryA. D’OrazioS. DûG. DahlingerB. DahmesC. DallapiccolaN. DanielsonM. DanilovA. DasM. DashS. DasuM. DattaF. DaudoP. D. DaunceyP. DavidC. L. DavisC. T. DayF. De MoriG. De DomenicoN. De GrootC. De la VaissièreCh. de la VaissièreA. de LesquenG. De NardoR. de SangroA. De SilvaS. DeBargerF. J. DeckerP. del Amo SanchezL. Del BuonoV. Del GambaD. del ReG. Della RiccaA. G. DenigD. DerkachI. M. DerringtonH. DeStaeblerJ. DestreeS. DevmalB. DeyB. Di GirolamoE. Di MarcoM. DickoppM. O. DimaS. DittrichS. DittongoP. DixonL. DneprovskyF. DohouY. DoiZ. DoležalD. A. DollM. DonaldL. DongL. Y. DongJ. DorfanA. DorigoM. P. DorstenR. DowdJ. DowdellZ. DrásalJ. DragicB. W. DrummondR. S. DubitzkyG. P. Dubois-FelsmannM. S. DubrovinY. C. DuhY. T. DuhD. DujmicW. DungelW. DunwoodieD. DuttaA. DvoretskiiN. DyceM. EbertE. A. EckhartS. EcklundR. EckmannP. EcksteinC. L. EdgarA. J. EdwardsU. EgedeA. M. EichenbaumP. ElmerS. EmeryY. EnariR. EnomotoE. ErdosR. EricksonJ. A. ErnstR. J. ErwinM. EscalierV. EschenburgI. EschrichS. EsenL. EsteveF. EvangelistiC. W. EvertonV. EygesC. FabbyF. FabozziS. FaheyM. FalboS. FanF. FangC. FaninA. FarbinH. FarhatJ. E. FastM. FeindtA. FellaE. FeltresiT. FerberR. E. FernholzS. FerragF. FerrarottoF. FerroniR. C. FieldA. FilippiG. FinocchiaroE. FioravantiJ. Firmino da CostaP.-A. FischerA.S. FisherP. H. FisherC. J. FlaccoR. L. FlackH. U. FlaecherJ. FlanaganJ. M. FlaniganK. E. FordW. T. FordI. J. ForsterA. C. FortiF. FortiD. FortinB. FosterS. D. FoulkesG. FouqueJ. FoxP. FranchiniM. Franco SevillaB. FranekE. D. FrankK. B. FranshamS. FratinaK. FratiniA. FreyR. FreyM. FriedlM. FritschJ. R. FryH. FujiiM. FujikawaY. FujitaY. FujiyamaC. FukunagaM. FukushimaJ. FullwoodY. FunahashiY. FunakoshiF. FuranoM. FurmanK. FurukawaH. FutterschneiderE. GabathulerT. A. GabrielN. GabyshevF. GaedeN. GagliardiA. GaidotJ.-M. GaillardJ. R. GaillardS. GalagederaF. GaleazziF. GalloD. GambaR. GametK. K. GanP. GandiniS. GangulyS. F. GanzhurY. Y. GaoI. GaponenkoA. GarmashJ. Garra TicoI. GarziaM. GasperoF. GastaldiC. GattoV. GaurN. I. GeddesT. L. GeldJ.-F. GenatK. A. GeorgeM. GeorgeS. GeorgeZ. GeorgetteT. J. GershonM. S. GillR. GillardJ. D. GilmanF. GiordanoM. A. GiorgiP.-F. GiraudL. GladneyT. GlanzmanR. GlattauerA. GoK. GoetzenY. M. GohG. GokhrooP. GoldenzweigV. B. GolubevG. P. GopalA. GordonA. GorišekV. I. GoriletskyR. GorodeiskyL. GossetK. GotowS. J. GowdyP. GraffinS. GrancagnoloE. GraugesG. GrazianiM. G. GreenM. G. GreeneG. J. GrenierP. GrenierK. GriessingerA. A. GrilloB.V. GrinyovA. V. GritsanG. GrosdidierM. Grosse PerdekampP. GrossoM. GrotheY. GroysmanO. GrünbergE. GuidoH. GulerN. J. W. GunawardaneQ. H. GuoR. S. GuoZ. J. GuoN. GuttmanH. HaH. C. HaT. HaasJ. HabaJ. HachtelH. K. HadavandT. HadigC. HagnerM. HaireF. HaitaniT. HajiG. HallerV. HalyoK. HamanoH. HamasakiG. Hamel de MonchenaultJ. HamiltonR. HamiltonO. HamonB. Y. HanY. L. HanH. HanadaK. HanagakiF. HandaJ. E. HansonA. HanushevskyK. HaraT. HaraY. HaradaP. F. HarrisonT. J. HarrisonB. HarropA. J. HartP. A. HartB. L. HartfielJ. L. HartonT. HaruyamaA. HasanY. HasegawaC. HastN. C. HastingsK. HasukoA. HaukeC. M. HawkesK. HayashiM. HazumiC. HeeE. M. HeenanD. HeffernanT. HeldR. HendersonS. W. HendersonS. S. HertzbachS. HervéM. HeßC. A. HeuschA. HicheurY. HigashiY. HigasinoI. HiguchiS. HikitaE. J. HillT. HimelL. HinzT. HiraiH. HiranoJ. F. HirschauerD. G. HitlinN. HitomiM. C. HodgkinsonA. HöckerC. T. HoiT. HojoT. HokuueJ. J. HollarT. M. HongK. HonscheidB. HoobermanD. A. HopkinsY. HoriiY. HoshiK. HoshinaS. HouW. S. HouT. Hryn’ovaY. B. HsiungC. L. HsuS. C. HsuH. HuT. HuH. C. HuangT. J. HuangY. C. HuangZ. HuardM. E. HufferD. HufnagelT. HungD. E. HutchcroftH. J. HyunS. IchizawaT. IgakiA. IgarashiS. IgarashiY. IgarashiO. IgonkinaK. IkadoH. IkedaH. IkedaK. IkedaJ. IlicK. InamiW. R. InnesY. InoueA. IshikawaH. IshinoK. ItagakiS. ItamiK. ItohV. N. IvanchenkoR. IversonM. IwabuchiG. IwaiM. IwaiS. IwaidaM. IwamotoH. IwasakiM. IwasakiT. IwashitaJ. M. IzenD. J. JacksonF. JacksonG. JacksonP. S. JacksonR. G. JacobsenC. JacobyI. JaegleV. JainP. JalochaH. K. JangH. JasperA. JawaheryS. JayatillekeC. M. JenF. JensenC. P. JessopX. B. JiM. J. J. JohnD. R. JohnsonJ. R. JohnsonS. JollyM. JonesK. K. JooN. JoshiN. J. JoshiD. JuddT. JuliusR. W. KadelJ. A. KadykH. KaganR. KaganD. H. KahS. KaiserH. KajiS. KajiwaraH. KakunoT. KameshimaJ. KaminskiT. KamitaniJ. KanekoJ. H. KangJ. S. KangT. KaniP. KapustaT.M. KarbachM. KarolakY. KaryotakisK. KasamiG. KatanoS. U. KataokaN. KatayamaE. KatoY. KatoH. KawaiM. KawaiN. KawamuraT. KawasakiJ. KayM. KayM. P. KellyM. H. KelseyN. KentL. T. KerthA. KhanH. R. KhanD. KharakhA. KibayashiH. KichimiC. KieslingM. KikuchiE. KikutaniB. H. KimC. H. KimD. W. KimH. KimH. J. KimH. O. KimH. W. KimJ. B. KimJ. H. KimK. T. KimM. J. KimP. KimS. K. KimS. M. KimT. H. KimY. I. KimY. J. KimG. J. KingK. KinoshitaA. KirkD. KirkbyI. KitayamaM. KlemettiV. KloseJ. KlucarN. S. KnechtK. J. KnoepfelD. J. KnowlesB. R. KoN. KobayashiS. KobayashiT. KobayashiM. J. KobelS. KoblitzH. KochM. L. KocianP. KodyšK. KoenekeR. KoflerS. KoikeS. KoishiH. KoisoJ. A. KolbS. D. KolyaY. KondoH. KonishiP. KoppenburgV. B. KoptchevT. M. B. KordichA. A. KorolK. KorotushenkoS. KorparR. T. KouzesD. KovalskyiR. KowalewskiY. KozakaiW. KozaneckiJ. F. KralA. KrasnykhR. KrauseE. A. KravchenkoJ. KrebsA. KreiselM. KrepsM. KrishnamurthyR. KroegerW. KroegerP. KrokovnyB. KronenbitterJ. KrosebergT. KuboT. KuhrG. KukartsevR. KulasiriA. KulikovR. KumarS. KumarT. KumitaT. KuniyaM. KunzeC. C. KuoT.-L. KuoH. KurashiroE. KuriharaN. KuritaY. KurokiA. KurupP. E. KutterN. KuznetsovaP. KvasničkaP. KyberdS. H. KyeongH. M. LackerC. K. LaeE. LamannaJ. LamsaL. LanceriL. LandiM. I. LangD. J. LangeJ. S. LangeU. LangeneggerM. LangerA. J. LankfordF. LanniS. LaplaceE. LatourY. P. LauD. R. LavinJ. LayterH. LebboloC. LeClercT. LeddigG. LederF. Le DiberderC. L. LeeJ. LeeJ. S. LeeM. C. LeeM. H. LeeM. J. LeeS.-J. LeeS. E. LeeS. H. LeeY. J. LeeJ. P. LeesM. LegendreM. LeitgabR. LeitnerE. LeonardiC. LeonidopoulosV. LepeltierPh. LerusteT. LesiakM. E. LeviS. L. LevyB. LewandowskiM. J. LewczukP. LewisH. LiH. B. LiS. LiX. LiY. LiL. Li GioiJ. LibbyJ. LidburyV. LillardC. L. LimA. LimosaniC. S. LinJ. Y. LinS. W. LinY. S. LinB. LindquistC. LindsayL. ListaC. LiuF. LiuH. LiuH. M. LiuJ. LiuR. LiuT. LiuY. LiuZ. Q. LiuD. LiventsevM. Lo VetereC. B. LockeW. S. LockmanF. Di LodovicoV. LombardoG. W. LondonD. Lopes PegnaL. LopezN. Lopez-MarchJ. LoryJ. M. LoSeccoX. C. LouR. LouvotA. LuC. LuM. LuR. S. LuT. LueckS. LuitzP. LukinP. LundE. LuppiA. M. LutzO. LutzG. LynchH. L. LynchA. J. LyonV. R. LyubinskyD. B. MacFarlaneC. MackayJ. MacNaughtonM. M. MacriS. MadaniW. F. MaderS. A. MajewskiG. MajumderY. MakidaB. MalaescuR. MalagutiJ. MalclésU. MallikE. MalyH. MamadaA. ManabeG. MancinelliM. MandelkernF. MandlP. F. ManfrediD. J. J. MangeolE. ManoniZ. P. MaoM. MargoniC. E. MarkerG. MarkeyJ. MarksD. MarlowV. MarquesH. MarsiskeS. MartellottiE. C. MartinJ. P. MartinL. MartinA. J. MartinezM. MarzollaA. MassM. MasuzawaA. MathieuP. MatriconT. MatsubaraT. MatsudaT. MatsudaH. MatsumotoS. MatsumotoT. MatsumotoH. MatsuoT. S. MattisonD. MatvienkoA. MatyjaB. MayerM. A. MazurM. A. MazzoniM. McCullochJ. McDonaldJ. D. McFallP. McGrathA. K. McKemeyJ. A. McKennaS. E. MclachlinS. McMahonT. R. McMahonS. McOnieT. MedvedevaR. MelenB. MelladoW. MengesS. MenkeA. M. MerchantJ. MerkelR. MessnerS. MetcalfeS. MetzlerN. T. MeyerT. I. MeyerW. T. MeyerA. K. MichaelG. MichelonS. MichizonoP. MicoutV. MiftakovA. MihalyiY. MikamiD. A. MilanesM. MilekT. MimashiJ. S. MinamoraC. MindasS. MinutoliL. M. MirK. MishraW. MitaroffH. MiyakeT. S. MiyashitaH. MiyataY. MiyazakiL. C. MoffittG. B. MohantyA. MohapatraA. K. MohapatraD. MohapatraA. MollG. R. MoloneyJ. P. MolsR. K. MommsenM. R. MongeD. MonorchioT. B. MooreG. F. MoorheadP. Mora de FreitasM. MorandinN. MorganS. E. MorganM. MorgantiS. MorgantiS. MoriT. MoriM. MoriiJ. P. MorrisF. MorsaniG. W. MortonL. J. MossJ. P. MoulyR. MountJ. MuellerR. Müller-PfefferkornM. MuggeF. MuheimA. MuirE. MullinM. MuneratoA. MurakamiT. MurakamiN. MuramatsuP. MusicoI. NagaiT. NagamineY. NagasakaY. NagashimaS. NagayamaM. NagelM. T. NaisbitT. NakadairaY. NakahamaM. NakajimaT. NakajimaI. NakamuraT. NakamuraT. T. NakamuraE. NakanoH. NakayamaJ. W. NamS. NaritaI. NarskyJ. A. NashZ. NatkaniecU. NauenbergM. NayakH. NealE. NedelkovskaM. NegriniK. NeichiD. NelsonS. NelsonN. NeriG. NesomS. NeubauerD. Newman-CoburnC. NgX. NguyenH. NicholsonC. NiebuhrJ. Y. NiefM. NiiyamaM. B. NikolichN. K. NisarK. NishimuraY. NishioO. NitohR. NogowskiS. NoguchiT. NomuraM. NordbyY. NosochkovA. NovokhatskiS. NozakiT. NozakiI. M. NugentC. P. O’GradyS. W. O’NealeF. G. O’NeillB. OberhofP. J. OddoneI. OfteA. OgawaK. OgawaS. OgawaY. OgawaR. OhkuboK. OhmiY. OhnishiF. OhnoT. OhshimaY. OhshimaN. OhuchiK. OideN. OishiT. OkabeN. OkazakiT. OkazakiS. OkunoE. O. OlaiyaA. OlivasP. OlleyJ. OlsenS. OnoG. OnoratoA. P. OnuchinY. OnukiT. OobaT. J. OrimotoT. OshimaI. L. OsipenkovW. OstrowiczC. OswaldS. OttoJ. OyangA. OyangurenH. OzakiV. E. OzcanH. P. PaarC. PadoanK. PaickH. PalkaB. PanY. PanW. Panduro VazquezJ. PanettaA. I. PanovaR. S. PanviniE. PanzenböckE. PaoloniP. PaolucciM. PappagalloS. ParamesvaranC. S. ParkC. W. ParkH. ParkH. K. ParkK. S. ParkW. ParkR. J. ParryN. ParslowS. PassaggioF. C. PastoreP. M. PatelC. PatrignaniP. PatteriT. PavelJ. PavlovichD. J. PayneL. S. PeakD. R. PeimerM. PelizaeusR. PellegriniM. PelliccioniC. C. PengJ. C. PengK. C. PengT. PengY. PenichotS. PennazziM. R. PenningtonR. C. PennyA. PenzkoferA. PerazzoA. PerezM. PerlM. PernickaJ.-P. PerroudI. M. PeruzziR. PestotnikK. PetersM. PetersB. A. PetersenT. C. PetersenE. PetiguraS. PetrakA. PetrellaM. PetričA. PetzoldM. G. PiaT. PiatenkoD. PiccoloM. PiccoloL. PiemonteseM. PiemonteseM. PieriniS. PiersonM. PioppiG. PireddaM. PivkS. PlaszczynskiF. PolciA. PompiliP. PoropatM. PosoccoC. T. PotterR.J. L. PotterV. PrasadE. PrebysE. PrencipeJ. PrendkiR. PrepostM. PrestM. PrimM. PripsteinX. PrudentS. PruvotE. M. T. PuccioM. V. PurohitN. D. QiH. QuinnJ. RaafR. RabbermanF. RaffaelliG. RagghiantiS. RahatlouA. M. RahimiR. RahmatA. Y. RakitinA. Randle-CondeP. RankinI. RashevskayaS. RatkovskyG. RavenV. ReM. ReepJ. J. RegensburgerJ. ReidyR. ReifB. ReisertC. RenardF. RengaS. RicciardiJ. D. RichmanJ. L. RitchieM. RitterC. RivettaG. RizzoC. RoatP. RobbeD. A. RobertsA. I. RobertsonE. RobuttiS. RodierD. M. RodriguezJ. L. RodriguezR. RodriguezN. A. RoeM. RöhrkenW. RoethelJ. RolquinL. RomanovA. RomosanM. T. RonanG. RongF. J. RongaL. RoosN. RootM. RosenE. I. RosenbergA. RossiA. RostomyanM. RotondoE. RoussotJ. RoyM. RozanskaY. RozenY. RozenA. E. RubinW. O. RuddickA. M. RulandK. RybickiA. RydS. RyuJ. RyukoS. SabikR. SaccoM. A. SaeedF. Safai TehraniH. SagawaH. SahooS. SahuM. SaigoT. SaitoS. SaitohK. SakaiH. SakamotoH. SakaueM. SaleemA. A. SalnikovE. SalvatiF. SalvatoreA. SamuelD. A. SandersP. SandersS. SandilyaF. SandrelliW. SandsW. R. SandsM. SanpeiD. SantelL. SanteljV. SantoroA. SantroniT. SanukiT. R. SarangiS. SaremiA. SartiT. SasakiN. SasaoM. SatapathyNobuhiko SatoNoriaki SatoY. SatoN. SatoyamaA. SatpathyV. SavinovN. SavvasO. H. SaxtonK. SayeedS. F. SchaffnerT. SchalkS. SchenkJ. R. SchieckT. SchietingerC. J. SchillingR. H. SchindlerS. SchmidR. E. SchmitzH. SchmueckerO. SchneiderG. SchnellP. SchönmeierK. C. SchofieldG. SchottH. SchröderM. SchramJ. SchubertJ. SchümannJ. SchultzB. A. SchummM. H. SchuneU. SchwankeH. SchwarzJ. SchwieningR. SchwierzR. F. SchwittersC. SciaccaG. SciollaI. J. ScottJ. SeemanA. SeidenR. SeitzT. SekiA.I. SekiyaS. SemenovD. SemmlerS. SenK. SenyoO. SeonV. V. SerboS. I. SerednyakovB. SerfassM. SerraJ. SerranoY. SettaiR. SeusterM. E. SeviorK. V. ShakhovaL. ShangM. ShapkinV. SharmaV. ShebalinV. G. ShelkovB. C. ShenD. Z. ShenY. T. ShenD. J. SherwoodT. ShibataT. A. ShibataH. ShibuyaT. ShidaraK. ShimadaM. ShimoyamaS. ShinomiyaJ. G. ShiuH. W. ShorthouseL. I. ShpilinskayaA. SibidanovE. SicardA. SidorovV. SidorovV. SiegleM. SigamaniM. C. SimaniM. SimardG. SimiF. SimonF. SimonettoN. B. SinevH. SinghJ. B. SinghR. SinhaS. SittYu.I. SkovpenR. J. SloaneP. SmerkolA. J. S. SmithD. SmithD. S. SmithJ. G. SmithA. SmolH. L. SnoekA. SnyderR. Y. SoR. J. SobieE. SoderstromA. SohaY. S. SohnM. D. SokoloffA. SokolovP. SolagnaE. SolovievaN. SoniP. SonnekV. SordiniB. SpaanS. M. SpanierE. SpencerV. SpezialiM. SpitznagelP. SpradlinH. StaengleR. StamenM. StanekS. StaničJ. StarkM. StederH. SteiningerM. SteinkeJ. StelzerE. StevanatoA. StocchiR. StockH. StoeckD. P. StokerR. StroiliD. StromP. StrotherJ. StrubeB. StuguJ. StypulaD. SuR. SudaR. SugaharaA. SugiT. SugimuraA. SugiyamaS. SuitohM. K. SullivanM. SumihamaT. SumiyoshiD. J. SummersL. SunS. SunJ. E. SundermannH. F. SungY. SusakiP. SutcliffeA. SuzukiJ. SuzukiJ. I. SuzukiK. SuzukiS. SuzukiS. Y. SuzukiJ. E. SwainS. K. SwainS. T’JampensM. TabataK. TackmannH. TajimaO. TajimaK. TakahashiS. TakahashiT. TakahashiF. TakasakiT. TakayamaM. TakitaK. TamaiU. TamponiN. TamuraN. TanP. TanK. TanabeT. TanabeH. A. TanakaJ. TanakaM. TanakaS. TanakaY. TanakaK. TanidaN. TaniguchiP. TarasN. TasneemG. TatishviliT. TatomiM. TawadaF. TaylorG. N. TaylorG. P. TaylorV. I. TelnovL. TeodorescuR. Ter-AntonyanY. TeramotoD. TeytelmanG. ThérinCh. ThiebauxD. ThiessenE. W. ThomasJ. M. ThompsonF. ThorneX. C. TianM. TibbettsI. TikhomirovJ. S. TinslayG. TiozzoV. TisserandV. TocutW. H. TokiE. W. TomassiniM. TomotoT. TomuraE. TorassaE. TorrenceS. TosiC. TouramanisJ. C. ToussaintS. N. ToveyP. P. TrapaniE. TreadwellG. TriggianiS. Trincaz-DuvoidW. TrischukD. TroostA. TrunovK. L. TsaiY. T. TsaiY. TsujitaK. TsukadaT. TsukamotoJ. M. TuggleA. TumanovY. W. TungL. TurnbullJ. TurnerM. TurriK. UchidaM. UchidaY. UchidaM. UekiK. UenoN. UjiieK. A. UlmerY. UnnoP. UrquijoY. UshirodaY. UsovM. UsseglioY. UsukiU. UwerJ. Va’vraS. E. VahsenG. VaitsasA. ValassiE. VallazzaA. VallereauP. VanhoeferW. C. van HoekC. Van HulseD. van WinkleG. VarnerE. W. VarnesK. E. VarvellG. VasileiadisY. S. VelikzhaninM. VerderiS. VersilléK. VervinkB. ViaudP. B. VidalS. VillaP. Villanueva-PerezE. L. VinogradL. VitaleG. M. VitugC. VoßC. VociC. VoenaA. VolkJ. H. von Wimmersperg-ToellerV. VorobyevA. VossenG. VuagninC. O. VuosaloK. WackerA. P. WagnerD. L. WagnerG. WagnerM. N. WagnerS. R. WagnerD. E. WagonerD. WalkerW. WalkowiakD. WallomC. C. WangC. H. WangJ. WangJ. G. WangK. WangL. WangL. L. WangP. WangT. J. WangW. F. WangX. L. WangY. F. WangF. R. WapplerM. WatanabeA. T. WatsonJ. E. WatsonN. K. WatsonM. WattJ. H. WeatherallM. WeaverT. WeberR. WeddJ. T. WeiA. W. WeidemannA. J. R. WeinsteinW. A. WenzelC. A. WestC. G. WestT. J. WestE. WhiteR. M. WhiteJ. WichtL. WidhalmJ. WiechczynskiU. WienandsL. WildenM. WilderD. C. WilliamsG. WilliamsJ. C. WilliamsK. M. WilliamsM. I. WilliamsS. Y. WillocqJ. R. WilsonM. G. WilsonR. J. WilsonF. WinklmeierL. O. WinstromM. A. WinterW. J. WisniewskiM. WittgenJ. WittlinW. WittmerR. WixtedA. WochB. J. WogslandE. WonQ. K. WongB. C. WrayA. C. WrenD. M. WrightC. H. WuJ. WuS. L. WuH. W. WulsinS. M. XellaQ. L. XieY. XieZ. Z. XuCh. YécheY. YamadaM. YamagaA. YamaguchiH. YamaguchiT. YamakiH. YamamotoN. YamamotoR. K. YamamotoS. YamamotoT. YamanakaH. YamaokaJ. YamaokaY. YamaokaY. YamashitaM. YamauchiD. S. YanY. YanH. YanaiS. YanakaH. YangR. YangS. YangA. K. YarrituS. YashchenkoJ. YashimaZ. YasinY. YasuS. W. YeP. YehJ. I. YiK. YiM. YiZ. W. YinJ. YingG. YockyK. YokoyamaM. YokoyamaT. YokoyamaK. YoshidaM. YoshidaY. YoshimuraC. C. YoungC. X. YuZ. YuC. Z. YuanY. YuanF. X. YumicevaY. YusaA. N. YushkovH. YutaV. ZacekS. B. ZainA. ZalloS. ZambitoD. ZanderS. L. ZangD. ZaninB. G. ZaslavskyQ. L. ZengA. ZghicheB. ZhangJ. ZhangJ. ZhangL. ZhangL. M. ZhangS. Q. ZhangZ. P. ZhangH. W. ZhaoM. ZhaoZ. G. ZhaoY. ZhengY. H. ZhengZ. P. ZhengV. ZhilichP. ZhouR. Y. ZhuY. S. ZhuZ. M. ZhuV. ZhulanovT. ZieglerV. ZieglerG. ZioulasM. ZismanM. ZitoD. ZürcherN. ZwahlenO. ZyukovaT. ŽivkoD. Žontar,2014,https://link.springer.com/article/10.1140/epjc/s10052-014-3026-9,Article
spatialCopula: A Matlab toolbox for copula-based spatial analysis,Stochastic Environmental Research and Risk Assessment,,,,10.1007/s00477-012-0571-3,Hannes Kazianka,2012,https://link.springer.com/article/10.1007/s00477-012-0571-3,Article
"Quantitative PET of EGFR expression in xenograft-bearing mice using <sup>64</sup>Cu-labeled cetuximab, a chimeric anti-EGFR monoclonal antibody",European Journal of Nuclear Medicine and Molecular Imaging,,,,10.1007/s00259-006-0361-6,Weibo CaiKai ChenLina HeQizhen CaoAlbert KoongXiaoyuan Chen,2007,https://link.springer.com/article/10.1007/s00259-006-0361-6,Article
Flavor physics of leptons and dipole moments,The European Physical Journal C,,,,10.1140/epjc/s10052-008-0715-2,M. RaidalA. van der SchaafI. BigiM. L. ManganoY. SemertzidisS. AbelS. AlbinoS. AntuschE. ArgandaB. BajcS. BanerjeeC. BiggioM. BlankeW. BoniventoG. C. BrancoD. BrymanA. J. BurasL. CalibbiA. CeccucciP. H. ChankowskiS. DavidsonA. DeandreaD. P. DeMilleF. DeppischM. A. DiazB. DulingM. FelciniW. FetscherF. FortiD. K. GhoshM. GiffelsM. A. GiorgiG. GiudiceE. GoudzovskijT. HanP. G. HarrisM. J. HerreroJ. HisanoR. J. HoltK. HuituA. IbarraO. IgonkinaA. IlakovacJ. ImazatoG. IsidoriF. R. JoaquimM. KadastikY. KajiyamaS. F. KingK. KirchM. G. KozlovM. KrawczykT. KressO. LebedevA. LusianiE. MaG. MarchioriA. MasieroI. MasinaG. MoreauT. MoriM. MuntelN. NeriF. NestiC. J. G. OnderwaterP. ParadisiS. T. PetcovM. PicarielloV. PorrettiA. PoschenriederM. PospelovL. RebaneM. N. RebeloA. RitzL. RobertsA. RomaninoJ. M. RoneyA. RossiR. RücklG. SenjanovicN. SerraT. ShindouY. TakanishiC. TarantinoA. M. TeixeiraE. Torrente-LujanK. J. TurzynskiT. E. J. UnderwoodS. K. VempatiO. Vives,2008,https://link.springer.com/article/10.1140/epjc/s10052-008-0715-2,Article
Convergence enabled by BT’s next generation of clients,BT Technology Journal,,,,10.1007/s10550-007-0037-1,R. CollingridgeI. MatthewsP. Clarke,2007,https://link.springer.com/article/10.1007/s10550-007-0037-1,Article
Asset management modelling framework for irrigation and drainage systems: Principles and case study application,Irrigation and Drainage Systems,,,,10.1007/s10795-005-2972-7,Hector M. MalanoBiju A. GeorgeBrian Davidson,2005,https://link.springer.com/article/10.1007/s10795-005-2972-7,Article
"ps-LIF measurements of minor species concentration in a counterflow diffusion flame interacting with a vortex
",Applied Physics B,,,,10.1007/s003400100535,A. BrockhinkeA. BülterJ.C. RolonK. Kohse-Höinghaus,2001,https://link.springer.com/article/10.1007/s003400100535,Article
Dissolved oxygen decline in ice-covered rivers of northern Alberta and its effects on aquatic biota,Journal of Aquatic Ecosystem Stress and Recovery,,,,10.1023/A:1011491706666,Patricia A. ChambersScott BrownJoseph M. CulpRichard B. LowellAlain Pietroniro,2000,https://link.springer.com/article/10.1023/A:1011491706666,Article
Control of mRNA stability in higher plants,Plant Molecular Biology,,,,10.1007/BF00039377,Michael L. AblerPamela J. Green,1996,https://link.springer.com/article/10.1007/BF00039377,Article